,company_name,city,country
19,1.0,1.0,1
35,1.0,1.0,1
61,1.0,1.0,1
141,1.0,1.0,1
145,1.0,1.0,1
184,1.0,1.0,1
283,1.0,1.0,1
292,1.0,1.0,1
299,1.0,1.0,1
357,1.0,1.0,1
418,1.0,1.0,1
425,1.0,1.0,1
479,1.0,1.0,1
504,1.0,1.0,1
532,1.0,1.0,1
534,1.0,1.0,1
536,1.0,1.0,1
572,1.0,1.0,1
603,1.0,1.0,1
611,1.0,1.0,1
623,1.0,1.0,1
630,1.0,1.0,1
685,1.0,1.0,1
705,1.0,1.0,1
757,1.0,1.0,1
761,1.0,1.0,1
764,1.0,1.0,1
766,1.0,1.0,1
780,1.0,1.0,1
800,1.0,1.0,1
806,1.0,1.0,1
808,1.0,1.0,1
958,1.0,1.0,1
1133,1.0,1.0,1
1167,1.0,1.0,1
1169,1.0,1.0,1
1226,1.0,1.0,1
1231,1.0,1.0,1
1234,1.0,1.0,1
1385,1.0,1.0,1
1387,1.0,1.0,1
1391,1.0,1.0,1
1396,1.0,1.0,1
1398,1.0,1.0,1
1406,1.0,1.0,1
1431,1.0,1.0,1
1444,1.0,1.0,1
1457,1.0,1.0,1
1491,1.0,1.0,1
1547,1.0,1.0,1
1824,1.0,1.0,1
1846,1.0,1.0,1
2007,1.0,1.0,1
2075,1.0,1.0,1
2077,1.0,1.0,1
2080,1.0,1.0,1
2083,1.0,1.0,1
2085,1.0,1.0,1
2087,1.0,1.0,1
2367,1.0,1.0,1
2405,1.0,1.0,1
2421,1.0,1.0,1
2527,1.0,1.0,1
2579,1.0,1.0,1
2632,1.0,1.0,1
3062,1.0,1.0,1
3066,1.0,1.0,1
3144,1.0,1.0,1
3169,1.0,1.0,1
3182,1.0,1.0,1
3200,1.0,1.0,1
3217,1.0,1.0,1
3225,1.0,1.0,1
3422,1.0,1.0,1
3491,1.0,1.0,1
3532,1.0,1.0,1
3567,1.0,1.0,1
3598,1.0,1.0,1
3656,1.0,1.0,1
3660,1.0,1.0,1
3681,1.0,1.0,1
3685,1.0,1.0,1
3688,1.0,1.0,1
3690,1.0,1.0,1
3693,1.0,1.0,1
3695,1.0,1.0,1
3698,1.0,1.0,1
3701,1.0,1.0,1
3736,1.0,1.0,1
3738,1.0,1.0,1
3829,1.0,1.0,1
3875,1.0,1.0,1
3901,1.0,1.0,1
3908,1.0,1.0,1
3911,1.0,1.0,1
3948,1.0,1.0,1
4073,1.0,1.0,1
4157,1.0,1.0,1
4175,1.0,1.0,1
4227,1.0,1.0,1
4278,1.0,1.0,1
4285,1.0,1.0,1
4290,1.0,1.0,1
4418,1.0,1.0,1
4420,1.0,1.0,1
4434,1.0,1.0,1
4498,1.0,1.0,1
4558,1.0,1.0,1
4612,1.0,1.0,1
4640,1.0,1.0,1
4687,1.0,1.0,1
4757,1.0,1.0,1
4762,1.0,1.0,1
4818,1.0,1.0,1
4847,1.0,1.0,1
5066,1.0,1.0,1
5141,1.0,1.0,1
5194,1.0,1.0,1
5231,1.0,1.0,1
5233,1.0,1.0,1
5309,1.0,1.0,1
5397,1.0,1.0,1
5405,1.0,1.0,1
5500,1.0,1.0,1
5502,1.0,1.0,1
5507,1.0,1.0,1
5562,1.0,1.0,1
5586,1.0,1.0,1
5747,1.0,1.0,1
5750,1.0,1.0,1
5754,1.0,1.0,1
5795,1.0,1.0,1
5814,1.0,1.0,1
5828,1.0,1.0,1
5844,1.0,1.0,1
5860,1.0,1.0,1
5914,1.0,1.0,1
6052,1.0,1.0,1
6071,1.0,1.0,1
6096,1.0,1.0,1
6220,1.0,1.0,1
6289,1.0,1.0,1
6303,1.0,1.0,1
6391,1.0,1.0,1
6489,1.0,1.0,1
6502,1.0,1.0,1
6599,1.0,1.0,1
6601,1.0,1.0,1
6603,1.0,1.0,1
6670,1.0,1.0,1
6673,1.0,1.0,1
6703,1.0,1.0,1
6861,1.0,1.0,1
6874,1.0,1.0,1
6892,1.0,1.0,1
6924,1.0,1.0,1
6926,1.0,1.0,1
6945,1.0,1.0,1
7015,1.0,1.0,1
7443,1.0,1.0,1
7447,1.0,1.0,1
7487,1.0,1.0,1
7502,1.0,1.0,1
7504,1.0,1.0,1
7545,1.0,1.0,1
7547,1.0,1.0,1
7620,1.0,1.0,1
7622,1.0,1.0,1
7635,1.0,1.0,1
7657,1.0,1.0,1
7662,1.0,1.0,1
7906,1.0,1.0,1
7932,1.0,1.0,1
8155,1.0,1.0,1
8183,1.0,1.0,1
8200,1.0,1.0,1
8204,1.0,1.0,1
8209,1.0,1.0,1
8221,1.0,1.0,1
8224,1.0,1.0,1
8228,1.0,1.0,1
8243,1.0,1.0,1
8272,1.0,1.0,1
8305,1.0,1.0,1
8486,1.0,1.0,1
8503,1.0,1.0,1
8521,1.0,1.0,1
8526,1.0,1.0,1
9001,1.0,1.0,1
9201,1.0,1.0,1
9203,1.0,1.0,1
9221,1.0,1.0,1
9224,1.0,1.0,1
9354,1.0,1.0,1
9386,1.0,1.0,1
9744,1.0,1.0,1
9767,1.0,1.0,1
9847,1.0,1.0,1
9877,1.0,1.0,1
9882,1.0,1.0,1
9979,1.0,1.0,1
9987,1.0,1.0,1
10095,1.0,1.0,1
10100,1.0,1.0,1
10104,1.0,1.0,1
10126,1.0,1.0,1
10174,1.0,1.0,1
10176,1.0,1.0,1
10192,1.0,1.0,1
10195,1.0,1.0,1
10207,1.0,1.0,1
10316,1.0,1.0,1
10345,1.0,1.0,1
10347,1.0,1.0,1
10349,1.0,1.0,1
10352,1.0,1.0,1
10359,1.0,1.0,1
10371,1.0,1.0,1
10379,1.0,1.0,1
10381,1.0,1.0,1
10383,1.0,1.0,1
10388,1.0,1.0,1
10390,1.0,1.0,1
10392,1.0,1.0,1
10400,1.0,1.0,1
10504,1.0,1.0,1
10506,1.0,1.0,1
10508,1.0,1.0,1
10512,1.0,1.0,1
10552,1.0,1.0,1
10599,1.0,1.0,1
10602,1.0,1.0,1
10611,1.0,1.0,1
10770,1.0,1.0,1
10790,1.0,1.0,1
10792,1.0,1.0,1
10794,1.0,1.0,1
10797,1.0,1.0,1
10803,1.0,1.0,1
10852,1.0,1.0,1
10886,1.0,1.0,1
10931,1.0,1.0,1
10963,1.0,1.0,1
10997,1.0,1.0,1
10999,1.0,1.0,1
11001,1.0,1.0,1
11008,1.0,1.0,1
11146,1.0,1.0,1
11174,1.0,1.0,1
11186,1.0,1.0,1
11210,1.0,1.0,1
11276,1.0,1.0,1
11315,1.0,1.0,1
11324,1.0,1.0,1
11344,1.0,1.0,1
11390,1.0,1.0,1
11392,1.0,1.0,1
11432,1.0,1.0,1
11462,1.0,1.0,1
11464,1.0,1.0,1
11511,1.0,1.0,1
11519,1.0,1.0,1
11606,1.0,1.0,1
11616,1.0,1.0,1
11654,1.0,1.0,1
11664,1.0,1.0,1
11681,1.0,1.0,1
11683,1.0,1.0,1
11685,1.0,1.0,1
11687,1.0,1.0,1
11773,1.0,1.0,1
11838,1.0,1.0,1
11843,1.0,1.0,1
11870,1.0,1.0,1
11895,1.0,1.0,1
11897,1.0,1.0,1
11909,1.0,1.0,1
11931,1.0,1.0,1
11954,1.0,1.0,1
12049,1.0,1.0,1
12101,1.0,1.0,1
12103,1.0,1.0,1
12144,1.0,1.0,1
12149,1.0,1.0,1
12219,1.0,1.0,1
12269,1.0,1.0,1
12502,1.0,1.0,1
12561,1.0,1.0,1
12707,1.0,1.0,1
12746,1.0,1.0,1
12774,1.0,1.0,1
12784,1.0,1.0,1
12786,1.0,1.0,1
12788,1.0,1.0,1
12790,1.0,1.0,1
12867,1.0,1.0,1
13008,1.0,1.0,1
13015,1.0,1.0,1
13017,1.0,1.0,1
13019,1.0,1.0,1
13049,1.0,1.0,1
13086,1.0,1.0,1
13165,1.0,1.0,1
13172,1.0,1.0,1
13191,1.0,1.0,1
13203,1.0,1.0,1
13278,1.0,1.0,1
13315,1.0,1.0,1
13539,1.0,1.0,1
13541,1.0,1.0,1
13543,1.0,1.0,1
14369,1.0,1.0,1
14383,1.0,1.0,1
14387,1.0,1.0,1
14708,1.0,1.0,1
14717,1.0,1.0,1
14806,1.0,1.0,1
14857,1.0,1.0,1
14891,1.0,1.0,1
14962,1.0,1.0,1
15011,1.0,1.0,1
15013,1.0,1.0,1
15078,1.0,1.0,1
15081,1.0,1.0,1
15086,1.0,1.0,1
15094,1.0,1.0,1
15106,1.0,1.0,1
15126,1.0,1.0,1
15170,1.0,1.0,1
15174,1.0,1.0,1
15176,1.0,1.0,1
15222,1.0,1.0,1
15247,1.0,1.0,1
15255,1.0,1.0,1
15267,1.0,1.0,1
15280,1.0,1.0,1
15424,1.0,1.0,1
15499,1.0,1.0,1
15504,1.0,1.0,1
15531,1.0,1.0,1
15534,1.0,1.0,1
15536,1.0,1.0,1
15573,1.0,1.0,1
15579,1.0,1.0,1
15622,1.0,1.0,1
15673,1.0,1.0,1
15689,1.0,1.0,1
15821,1.0,1.0,1
15826,1.0,1.0,1
15828,1.0,1.0,1
15861,1.0,1.0,1
15863,1.0,1.0,1
15867,1.0,1.0,1
15869,1.0,1.0,1
15871,1.0,1.0,1
15873,1.0,1.0,1
15891,1.0,1.0,1
16000,1.0,1.0,1
16017,1.0,1.0,1
16052,1.0,1.0,1
16054,1.0,1.0,1
16074,1.0,1.0,1
16250,1.0,1.0,1
16338,1.0,1.0,1
16340,1.0,1.0,1
16369,1.0,1.0,1
16465,1.0,1.0,1
16481,1.0,1.0,1
16526,1.0,1.0,1
16530,1.0,1.0,1
16607,1.0,1.0,1
16629,1.0,1.0,1
16719,1.0,1.0,1
16776,1.0,1.0,1
16794,1.0,1.0,1
16832,1.0,1.0,1
16838,1.0,1.0,1
16840,1.0,1.0,1
16906,1.0,1.0,1
16909,1.0,1.0,1
17081,1.0,1.0,1
17107,1.0,1.0,1
17151,1.0,1.0,1
17182,1.0,1.0,1
17184,1.0,1.0,1
17212,1.0,1.0,1
17277,1.0,1.0,1
17311,1.0,1.0,1
17324,1.0,1.0,1
17565,1.0,1.0,1
17627,1.0,1.0,1
17717,1.0,1.0,1
17739,1.0,1.0,1
17744,1.0,1.0,1
17852,1.0,1.0,1
17865,1.0,1.0,1
17921,1.0,1.0,1
17927,1.0,1.0,1
17958,1.0,1.0,1
18056,1.0,1.0,1
18120,1.0,1.0,1
18122,1.0,1.0,1
18169,1.0,1.0,1
18182,1.0,1.0,1
18329,1.0,1.0,1
18343,1.0,1.0,1
18401,1.0,1.0,1
18461,1.0,1.0,1
18463,1.0,1.0,1
18465,1.0,1.0,1
18467,1.0,1.0,1
18513,1.0,1.0,1
18518,1.0,1.0,1
18573,1.0,1.0,1
18627,1.0,1.0,1
18677,1.0,1.0,1
18694,1.0,1.0,1
18742,1.0,1.0,1
18751,1.0,1.0,1
18798,1.0,1.0,1
18811,1.0,1.0,1
18821,1.0,1.0,1
18859,1.0,1.0,1
18861,1.0,1.0,1
18913,1.0,1.0,1
19050,1.0,1.0,1
19074,1.0,1.0,1
19181,1.0,1.0,1
19223,1.0,1.0,1
19226,1.0,1.0,1
19329,1.0,1.0,1
19420,1.0,1.0,1
19422,1.0,1.0,1
19454,1.0,1.0,1
19462,1.0,1.0,1
19465,1.0,1.0,1
19467,1.0,1.0,1
19469,1.0,1.0,1
19473,1.0,1.0,1
19504,1.0,1.0,1
19506,1.0,1.0,1
19514,1.0,1.0,1
19526,1.0,1.0,1
19528,1.0,1.0,1
19551,1.0,1.0,1
19582,1.0,1.0,1
19593,1.0,1.0,1
19595,1.0,1.0,1
19625,1.0,1.0,1
19636,1.0,1.0,1
19638,1.0,1.0,1
19640,1.0,1.0,1
19646,1.0,1.0,1
19679,1.0,1.0,1
19722,1.0,1.0,1
19750,1.0,1.0,1
19752,1.0,1.0,1
19781,1.0,1.0,1
19814,1.0,1.0,1
19894,1.0,1.0,1
20051,1.0,1.0,1
20111,1.0,1.0,1
20198,1.0,1.0,1
20208,1.0,1.0,1
20210,1.0,1.0,1
20212,1.0,1.0,1
20218,1.0,1.0,1
20222,1.0,1.0,1
20224,1.0,1.0,1
20265,1.0,1.0,1
20276,1.0,1.0,1
20287,1.0,1.0,1
20289,1.0,1.0,1
20291,1.0,1.0,1
20375,1.0,1.0,1
20482,1.0,1.0,1
20527,1.0,1.0,1
20598,1.0,1.0,1
20600,1.0,1.0,1
20602,1.0,1.0,1
20670,1.0,1.0,1
20673,1.0,1.0,1
20680,1.0,1.0,1
20711,1.0,1.0,1
20724,1.0,1.0,1
20797,1.0,1.0,1
20846,1.0,1.0,1
20866,1.0,1.0,1
20892,1.0,1.0,1
20905,1.0,1.0,1
20948,1.0,1.0,1
20974,1.0,1.0,1
20979,1.0,1.0,1
21099,1.0,1.0,1
21115,1.0,1.0,1
21129,1.0,1.0,1
21133,1.0,1.0,1
21162,1.0,1.0,1
21164,1.0,1.0,1
21191,1.0,1.0,1
21244,1.0,1.0,1
21252,1.0,1.0,1
21301,1.0,1.0,1
21303,1.0,1.0,1
21330,1.0,1.0,1
21530,1.0,1.0,1
21533,1.0,1.0,1
21565,1.0,1.0,1
21679,1.0,1.0,1
21721,1.0,1.0,1
21814,1.0,1.0,1
21850,1.0,1.0,1
21872,1.0,1.0,1
21874,1.0,1.0,1
21926,1.0,1.0,1
21936,1.0,1.0,1
21939,1.0,1.0,1
21984,1.0,1.0,1
22006,1.0,1.0,1
22041,1.0,1.0,1
22049,1.0,1.0,1
22124,1.0,1.0,1
22153,1.0,1.0,1
22155,1.0,1.0,1
22186,1.0,1.0,1
22226,1.0,1.0,1
22290,1.0,1.0,1
22339,1.0,1.0,1
22507,1.0,1.0,1
22615,1.0,1.0,1
22618,1.0,1.0,1
22621,1.0,1.0,1
22674,1.0,1.0,1
22731,1.0,1.0,1
22737,1.0,1.0,1
22865,1.0,1.0,1
22873,1.0,1.0,1
22892,1.0,1.0,1
22963,1.0,1.0,1
22965,1.0,1.0,1
22991,1.0,1.0,1
23017,1.0,1.0,1
23024,1.0,1.0,1
23026,1.0,1.0,1
23028,1.0,1.0,1
23086,1.0,1.0,1
23090,1.0,1.0,1
23114,1.0,1.0,1
23124,1.0,1.0,1
23190,1.0,1.0,1
23282,1.0,1.0,1
23322,1.0,1.0,1
23336,1.0,1.0,1
23432,1.0,1.0,1
23437,1.0,1.0,1
23480,1.0,1.0,1
23486,1.0,1.0,1
23522,1.0,1.0,1
23682,1.0,1.0,1
23777,1.0,1.0,1
23798,1.0,1.0,1
23800,1.0,1.0,1
23802,1.0,1.0,1
23804,1.0,1.0,1
23806,1.0,1.0,1
23935,1.0,1.0,1
23937,1.0,1.0,1
24009,1.0,1.0,1
24561,1.0,1.0,1
24647,1.0,1.0,1
24670,1.0,1.0,1
24696,1.0,1.0,1
24876,1.0,1.0,1
24925,1.0,1.0,1
25020,1.0,1.0,1
25035,1.0,1.0,1
25251,1.0,1.0,1
25260,1.0,1.0,1
25341,1.0,1.0,1
25417,1.0,1.0,1
25482,1.0,1.0,1
25577,1.0,1.0,1
25612,1.0,1.0,1
25640,1.0,1.0,1
25663,1.0,1.0,1
25673,1.0,1.0,1
25689,1.0,1.0,1
25745,1.0,1.0,1
25782,1.0,1.0,1
25784,1.0,1.0,1
25788,1.0,1.0,1
25839,1.0,1.0,1
25862,1.0,1.0,1
25969,1.0,1.0,1
25971,1.0,1.0,1
26013,1.0,1.0,1
26015,1.0,1.0,1
26038,1.0,1.0,1
26049,1.0,1.0,1
26103,1.0,1.0,1
26160,1.0,1.0,1
26227,1.0,1.0,1
26229,1.0,1.0,1
26261,1.0,1.0,1
26272,1.0,1.0,1
26275,1.0,1.0,1
26283,1.0,1.0,1
26306,1.0,1.0,1
26312,1.0,1.0,1
26316,1.0,1.0,1
26325,1.0,1.0,1
26368,1.0,1.0,1
26370,1.0,1.0,1
26383,1.0,1.0,1
26417,1.0,1.0,1
26441,1.0,1.0,1
26443,1.0,1.0,1
26462,1.0,1.0,1
26464,1.0,1.0,1
26545,1.0,1.0,1
26646,1.0,1.0,1
26760,1.0,1.0,1
26776,1.0,1.0,1
26804,1.0,1.0,1
26806,1.0,1.0,1
26808,1.0,1.0,1
27408,1.0,1.0,1
27411,1.0,1.0,1
27415,1.0,1.0,1
27437,1.0,1.0,1
27472,1.0,1.0,1
27571,1.0,1.0,1
27623,1.0,1.0,1
27660,1.0,1.0,1
27758,1.0,1.0,1
27780,1.0,1.0,1
27782,1.0,1.0,1
27795,1.0,1.0,1
27802,1.0,1.0,1
27805,1.0,1.0,1
27810,1.0,1.0,1
27813,1.0,1.0,1
27888,1.0,1.0,1
27897,1.0,1.0,1
27970,1.0,1.0,1
27972,1.0,1.0,1
28225,1.0,1.0,1
28300,1.0,1.0,1
28302,1.0,1.0,1
28304,1.0,1.0,1
28543,1.0,1.0,1
28947,1.0,1.0,1
28949,1.0,1.0,1
28979,1.0,1.0,1
28986,1.0,1.0,1
29405,1.0,1.0,1
29437,1.0,1.0,1
29459,1.0,1.0,1
29461,1.0,1.0,1
29463,1.0,1.0,1
29465,1.0,1.0,1
29545,1.0,1.0,1
29547,1.0,1.0,1
29551,1.0,1.0,1
29572,1.0,1.0,1
29615,1.0,1.0,1
29652,1.0,1.0,1
29655,1.0,1.0,1
29690,1.0,1.0,1
29715,1.0,1.0,1
29720,1.0,1.0,1
29738,1.0,1.0,1
29740,1.0,1.0,1
29802,1.0,1.0,1
29855,1.0,1.0,1
30015,1.0,1.0,1
30064,1.0,1.0,1
30066,1.0,1.0,1
30075,1.0,1.0,1
30117,1.0,1.0,1
30157,1.0,1.0,1
30176,1.0,1.0,1
30243,1.0,1.0,1
30290,1.0,1.0,1
30314,1.0,1.0,1
30326,1.0,1.0,1
30494,1.0,1.0,1
30496,1.0,1.0,1
30517,1.0,1.0,1
30563,1.0,1.0,1
30573,1.0,1.0,1
30607,1.0,1.0,1
30672,1.0,1.0,1
30688,1.0,1.0,1
30739,1.0,1.0,1
30904,1.0,1.0,1
31016,1.0,1.0,1
31034,1.0,1.0,1
31036,1.0,1.0,1
31048,1.0,1.0,1
31058,1.0,1.0,1
31066,1.0,1.0,1
31073,1.0,1.0,1
31319,1.0,1.0,1
31339,1.0,1.0,1
31341,1.0,1.0,1
31448,1.0,1.0,1
31461,1.0,1.0,1
31473,1.0,1.0,1
31609,1.0,1.0,1
31674,1.0,1.0,1
31744,1.0,1.0,1
31757,1.0,1.0,1
31797,1.0,1.0,1
31867,1.0,1.0,1
31917,1.0,1.0,1
32017,1.0,1.0,1
32079,1.0,1.0,1
32084,1.0,1.0,1
32112,1.0,1.0,1
32175,1.0,1.0,1
32177,1.0,1.0,1
32184,1.0,1.0,1
32371,1.0,1.0,1
32413,1.0,1.0,1
32415,1.0,1.0,1
32459,1.0,1.0,1
32701,1.0,1.0,1
32714,1.0,1.0,1
32716,1.0,1.0,1
32718,1.0,1.0,1
32721,1.0,1.0,1
32723,1.0,1.0,1
32725,1.0,1.0,1
32727,1.0,1.0,1
32729,1.0,1.0,1
32731,1.0,1.0,1
32733,1.0,1.0,1
32735,1.0,1.0,1
32748,1.0,1.0,1
32783,1.0,1.0,1
32821,1.0,1.0,1
32823,1.0,1.0,1
32826,1.0,1.0,1
32832,1.0,1.0,1
32850,1.0,1.0,1
32907,1.0,1.0,1
32936,1.0,1.0,1
33126,1.0,1.0,1
33257,1.0,1.0,1
33278,1.0,1.0,1
33299,1.0,1.0,1
33354,1.0,1.0,1
33362,1.0,1.0,1
33367,1.0,1.0,1
33377,1.0,1.0,1
33379,1.0,1.0,1
33485,1.0,1.0,1
33506,1.0,1.0,1
33508,1.0,1.0,1
33512,1.0,1.0,1
33564,1.0,1.0,1
33584,1.0,1.0,1
33614,1.0,1.0,1
33654,1.0,1.0,1
33658,1.0,1.0,1
33662,1.0,1.0,1
33668,1.0,1.0,1
33770,1.0,1.0,1
33902,1.0,1.0,1
33947,1.0,1.0,1
33949,1.0,1.0,1
33964,1.0,1.0,1
33968,1.0,1.0,1
34035,1.0,1.0,1
34057,1.0,1.0,1
34065,1.0,1.0,1
34067,1.0,1.0,1
34073,1.0,1.0,1
34088,1.0,1.0,1
34090,1.0,1.0,1
34193,1.0,1.0,1
34195,1.0,1.0,1
34265,1.0,1.0,1
34302,1.0,1.0,1
34319,1.0,1.0,1
34329,1.0,1.0,1
34342,1.0,1.0,1
34344,1.0,1.0,1
34581,1.0,1.0,1
34615,1.0,1.0,1
34682,1.0,1.0,1
35150,1.0,1.0,1
35169,1.0,1.0,1
35190,1.0,1.0,1
35203,1.0,1.0,1
35215,1.0,1.0,1
35217,1.0,1.0,1
35221,1.0,1.0,1
35263,1.0,1.0,1
35267,1.0,1.0,1
35269,1.0,1.0,1
35284,1.0,1.0,1
35316,1.0,1.0,1
35512,1.0,1.0,1
35514,1.0,1.0,1
35601,1.0,1.0,1
35646,1.0,1.0,1
35648,1.0,1.0,1
35697,1.0,1.0,1
35701,1.0,1.0,1
35835,1.0,1.0,1
36009,1.0,1.0,1
36017,1.0,1.0,1
36155,1.0,1.0,1
36234,1.0,1.0,1
36344,1.0,1.0,1
36357,1.0,1.0,1
36429,1.0,1.0,1
36444,1.0,1.0,1
36541,1.0,1.0,1
36587,1.0,1.0,1
36627,1.0,1.0,1
36671,1.0,1.0,1
36676,1.0,1.0,1
36813,1.0,1.0,1
36815,1.0,1.0,1
36817,1.0,1.0,1
36894,1.0,1.0,1
36900,1.0,1.0,1
36943,1.0,1.0,1
37224,1.0,1.0,1
37259,1.0,1.0,1
37261,1.0,1.0,1
37263,1.0,1.0,1
37269,1.0,1.0,1
37289,1.0,1.0,1
37307,1.0,1.0,1
37309,1.0,1.0,1
37384,1.0,1.0,1
37466,1.0,1.0,1
37497,1.0,1.0,1
37661,1.0,1.0,1
37680,1.0,1.0,1
37682,1.0,1.0,1
37751,1.0,1.0,1
37777,1.0,1.0,1
37779,1.0,1.0,1
37860,1.0,1.0,1
37890,1.0,1.0,1
37920,1.0,1.0,1
37923,1.0,1.0,1
38059,1.0,1.0,1
38088,1.0,1.0,1
38107,1.0,1.0,1
38112,1.0,1.0,1
38188,1.0,1.0,1
38241,1.0,1.0,1
38349,1.0,1.0,1
38360,1.0,1.0,1
38372,1.0,1.0,1
38391,1.0,1.0,1
38499,1.0,1.0,1
38529,1.0,1.0,1
38532,1.0,1.0,1
38535,1.0,1.0,1
38537,1.0,1.0,1
38600,1.0,1.0,1
38613,1.0,1.0,1
38634,1.0,1.0,1
38638,1.0,1.0,1
38640,1.0,1.0,1
38724,1.0,1.0,1
38747,1.0,1.0,1
38753,1.0,1.0,1
38787,1.0,1.0,1
38797,1.0,1.0,1
38823,1.0,1.0,1
38858,1.0,1.0,1
38888,1.0,1.0,1
38890,1.0,1.0,1
38988,1.0,1.0,1
39060,1.0,1.0,1
39062,1.0,1.0,1
39095,1.0,1.0,1
39142,1.0,1.0,1
39148,1.0,1.0,1
39185,1.0,1.0,1
39187,1.0,1.0,1
39266,1.0,1.0,1
39282,1.0,1.0,1
39342,1.0,1.0,1
39364,1.0,1.0,1
39389,1.0,1.0,1
39422,1.0,1.0,1
39424,1.0,1.0,1
39427,1.0,1.0,1
39429,1.0,1.0,1
39432,1.0,1.0,1
39463,1.0,1.0,1
39522,1.0,1.0,1
39524,1.0,1.0,1
39597,1.0,1.0,1
39610,1.0,1.0,1
39804,1.0,1.0,1
39838,1.0,1.0,1
39871,1.0,1.0,1
39964,1.0,1.0,1
39970,1.0,1.0,1
39972,1.0,1.0,1
39976,1.0,1.0,1
40002,1.0,1.0,1
40124,1.0,1.0,1
40180,1.0,1.0,1
40182,1.0,1.0,1
40277,1.0,1.0,1
40280,1.0,1.0,1
40350,1.0,1.0,1
40352,1.0,1.0,1
40429,1.0,1.0,1
40459,1.0,1.0,1
40516,1.0,1.0,1
40520,1.0,1.0,1
40529,1.0,1.0,1
40535,1.0,1.0,1
40537,1.0,1.0,1
40539,1.0,1.0,1
40559,1.0,1.0,1
40571,1.0,1.0,1
40579,1.0,1.0,1
40582,1.0,1.0,1
40629,1.0,1.0,1
40660,1.0,1.0,1
40724,1.0,1.0,1
40733,1.0,1.0,1
40743,1.0,1.0,1
40821,1.0,1.0,1
40904,1.0,1.0,1
40966,1.0,1.0,1
41029,1.0,1.0,1
41060,1.0,1.0,1
41117,1.0,1.0,1
41119,1.0,1.0,1
41159,1.0,1.0,1
41187,1.0,1.0,1
41233,1.0,1.0,1
41235,1.0,1.0,1
41237,1.0,1.0,1
41239,1.0,1.0,1
41295,1.0,1.0,1
41336,1.0,1.0,1
41532,1.0,1.0,1
41646,1.0,1.0,1
41667,1.0,1.0,1
41711,1.0,1.0,1
41713,1.0,1.0,1
41726,1.0,1.0,1
41733,1.0,1.0,1
41744,1.0,1.0,1
41748,1.0,1.0,1
41783,1.0,1.0,1
41835,1.0,1.0,1
41872,1.0,1.0,1
41874,1.0,1.0,1
41899,1.0,1.0,1
41908,1.0,1.0,1
41969,1.0,1.0,1
41971,1.0,1.0,1
41981,1.0,1.0,1
41993,1.0,1.0,1
42037,1.0,1.0,1
42086,1.0,1.0,1
42089,1.0,1.0,1
42114,1.0,1.0,1
42217,1.0,1.0,1
42220,1.0,1.0,1
42454,1.0,1.0,1
42504,1.0,1.0,1
42529,1.0,1.0,1
42532,1.0,1.0,1
42535,1.0,1.0,1
42558,1.0,1.0,1
42674,1.0,1.0,1
42761,1.0,1.0,1
42773,1.0,1.0,1
43065,1.0,1.0,1
43139,1.0,1.0,1
43143,1.0,1.0,1
43203,1.0,1.0,1
43225,1.0,1.0,1
43315,1.0,1.0,1
43345,1.0,1.0,1
43377,1.0,1.0,1
43417,1.0,1.0,1
43470,1.0,1.0,1
43472,1.0,1.0,1
43500,1.0,1.0,1
43518,1.0,1.0,1
43669,1.0,1.0,1
43840,1.0,1.0,1
43997,1.0,1.0,1
44109,1.0,1.0,1
44145,1.0,1.0,1
44148,1.0,1.0,1
44194,1.0,1.0,1
44327,1.0,1.0,1
44467,1.0,1.0,1
44533,1.0,1.0,1
44554,1.0,1.0,1
44556,1.0,1.0,1
44559,1.0,1.0,1
44561,1.0,1.0,1
44641,1.0,1.0,1
44959,1.0,1.0,1
45007,1.0,1.0,1
45011,1.0,1.0,1
45135,1.0,1.0,1
45274,1.0,1.0,1
45353,1.0,1.0,1
45383,1.0,1.0,1
45401,1.0,1.0,1
45436,1.0,1.0,1
45438,1.0,1.0,1
45440,1.0,1.0,1
45491,1.0,1.0,1
45584,1.0,1.0,1
45638,1.0,1.0,1
45701,1.0,1.0,1
45706,1.0,1.0,1
45710,1.0,1.0,1
45879,1.0,1.0,1
45930,1.0,1.0,1
45932,1.0,1.0,1
45936,1.0,1.0,1
45962,1.0,1.0,1
46002,1.0,1.0,1
46058,1.0,1.0,1
46082,1.0,1.0,1
46222,1.0,1.0,1
46233,1.0,1.0,1
46283,1.0,1.0,1
46343,1.0,1.0,1
46375,1.0,1.0,1
46383,1.0,1.0,1
46386,1.0,1.0,1
46448,1.0,1.0,1
46462,1.0,1.0,1
46464,1.0,1.0,1
46512,1.0,1.0,1
46645,1.0,1.0,1
46647,1.0,1.0,1
46791,1.0,1.0,1
46800,1.0,1.0,1
46828,1.0,1.0,1
46864,1.0,1.0,1
46866,1.0,1.0,1
46901,1.0,1.0,1
47034,1.0,1.0,1
47083,1.0,1.0,1
47161,1.0,1.0,1
47197,1.0,1.0,1
47206,1.0,1.0,1
47295,1.0,1.0,1
47359,1.0,1.0,1
47393,1.0,1.0,1
47487,1.0,1.0,1
47490,1.0,1.0,1
47523,1.0,1.0,1
47552,1.0,1.0,1
47710,1.0,1.0,1
47863,1.0,1.0,1
47918,1.0,1.0,1
47981,1.0,1.0,1
48605,1.0,1.0,1
48640,1.0,1.0,1
48760,1.0,1.0,1
48804,1.0,1.0,1
48901,1.0,1.0,1
48982,1.0,1.0,1
49030,1.0,1.0,1
49095,1.0,1.0,1
49144,1.0,1.0,1
49146,1.0,1.0,1
49156,1.0,1.0,1
49216,1.0,1.0,1
49261,1.0,1.0,1
49273,1.0,1.0,1
49453,1.0,1.0,1
49581,1.0,1.0,1
49587,1.0,1.0,1
49619,1.0,1.0,1
49630,1.0,1.0,1
49691,1.0,1.0,1
49724,1.0,1.0,1
49727,1.0,1.0,1
49776,1.0,1.0,1
49793,1.0,1.0,1
49836,1.0,1.0,1
49997,1.0,1.0,1
50188,1.0,1.0,1
50216,1.0,1.0,1
50240,1.0,1.0,1
50301,1.0,1.0,1
50343,1.0,1.0,1
50460,1.0,1.0,1
50635,1.0,1.0,1
50637,1.0,1.0,1
50656,1.0,1.0,1
50759,1.0,1.0,1
50777,1.0,1.0,1
50926,1.0,1.0,1
50962,1.0,1.0,1
50986,1.0,1.0,1
50997,1.0,1.0,1
51004,1.0,1.0,1
51028,1.0,1.0,1
51030,1.0,1.0,1
51049,1.0,1.0,1
51076,1.0,1.0,1
51125,1.0,1.0,1
51203,1.0,1.0,1
51219,1.0,1.0,1
51232,1.0,1.0,1
51281,1.0,1.0,1
51361,1.0,1.0,1
51449,1.0,1.0,1
51570,1.0,1.0,1
51575,1.0,1.0,1
51580,1.0,1.0,1
51582,1.0,1.0,1
51591,1.0,1.0,1
52533,1.0,1.0,1
53085,1.0,1.0,1
53206,1.0,1.0,1
53390,1.0,1.0,1
53760,1.0,1.0,1
53791,1.0,1.0,1
53795,1.0,1.0,1
53803,1.0,1.0,1
53845,1.0,1.0,1
53885,1.0,1.0,1
53907,1.0,1.0,1
53925,1.0,1.0,1
54174,1.0,1.0,1
54217,1.0,1.0,1
54232,1.0,1.0,1
54370,1.0,1.0,1
54389,1.0,1.0,1
54406,1.0,1.0,1
54437,1.0,1.0,1
54502,1.0,1.0,1
54513,1.0,1.0,1
54536,1.0,1.0,1
54559,1.0,1.0,1
54683,1.0,1.0,1
54685,1.0,1.0,1
54688,1.0,1.0,1
54818,1.0,1.0,1
54827,1.0,1.0,1
54829,1.0,1.0,1
54900,1.0,1.0,1
54928,1.0,1.0,1
54945,1.0,1.0,1
54976,1.0,1.0,1
55028,1.0,1.0,1
55095,1.0,1.0,1
55105,1.0,1.0,1
55127,1.0,1.0,1
55129,1.0,1.0,1
55131,1.0,1.0,1
55135,1.0,1.0,1
55165,1.0,1.0,1
55167,1.0,1.0,1
55173,1.0,1.0,1
55179,1.0,1.0,1
55202,1.0,1.0,1
55222,1.0,1.0,1
55229,1.0,1.0,1
55291,1.0,1.0,1
55606,1.0,1.0,1
55608,1.0,1.0,1
55610,1.0,1.0,1
55652,1.0,1.0,1
55783,1.0,1.0,1
55790,1.0,1.0,1
55792,1.0,1.0,1
55794,1.0,1.0,1
55818,1.0,1.0,1
56290,1.0,1.0,1
56299,1.0,1.0,1
56301,1.0,1.0,1
56362,1.0,1.0,1
56384,1.0,1.0,1
56437,1.0,1.0,1
56465,1.0,1.0,1
56554,1.0,1.0,1
56599,1.0,1.0,1
56647,1.0,1.0,1
56664,1.0,1.0,1
56680,1.0,1.0,1
56837,1.0,1.0,1
56961,1.0,1.0,1
57159,1.0,1.0,1
57276,1.0,1.0,1
57305,1.0,1.0,1
57323,1.0,1.0,1
57344,1.0,1.0,1
57377,1.0,1.0,1
57398,1.0,1.0,1
57414,1.0,1.0,1
57470,1.0,1.0,1
57617,1.0,1.0,1
57629,1.0,1.0,1
57642,1.0,1.0,1
57743,1.0,1.0,1
57839,1.0,1.0,1
57843,1.0,1.0,1
57967,1.0,1.0,1
57973,1.0,1.0,1
58040,1.0,1.0,1
58070,1.0,1.0,1
58160,1.0,1.0,1
58205,1.0,1.0,1
58207,1.0,1.0,1
58709,1.0,1.0,1
58713,1.0,1.0,1
58715,1.0,1.0,1
58717,1.0,1.0,1
58726,1.0,1.0,1
58728,1.0,1.0,1
58985,1.0,1.0,1
59083,1.0,1.0,1
59311,1.0,1.0,1
59377,1.0,1.0,1
59531,1.0,1.0,1
59638,1.0,1.0,1
59670,1.0,1.0,1
59690,1.0,1.0,1
59901,1.0,1.0,1
59951,1.0,1.0,1
59955,1.0,1.0,1
60097,1.0,1.0,1
60100,1.0,1.0,1
60139,1.0,1.0,1
60151,1.0,1.0,1
60185,1.0,1.0,1
60198,1.0,1.0,1
60214,1.0,1.0,1
60341,1.0,1.0,1
60361,1.0,1.0,1
60364,1.0,1.0,1
60401,1.0,1.0,1
60407,1.0,1.0,1
60544,1.0,1.0,1
60548,1.0,1.0,1
60633,1.0,1.0,1
60637,1.0,1.0,1
60657,1.0,1.0,1
61047,1.0,1.0,1
61125,1.0,1.0,1
61204,1.0,1.0,1
61245,1.0,1.0,1
61289,1.0,1.0,1
61292,1.0,1.0,1
61294,1.0,1.0,1
61297,1.0,1.0,1
61304,1.0,1.0,1
61314,1.0,1.0,1
61370,1.0,1.0,1
61386,1.0,1.0,1
61440,1.0,1.0,1
61477,1.0,1.0,1
61661,1.0,1.0,1
61806,1.0,1.0,1
61837,1.0,1.0,1
61854,1.0,1.0,1
61912,1.0,1.0,1
61941,1.0,1.0,1
61982,1.0,1.0,1
61997,1.0,1.0,1
62119,1.0,1.0,1
62154,1.0,1.0,1
62156,1.0,1.0,1
62161,1.0,1.0,1
62249,1.0,1.0,1
62278,1.0,1.0,1
62372,1.0,1.0,1
62427,1.0,1.0,1
62437,1.0,1.0,1
62444,1.0,1.0,1
62446,1.0,1.0,1
62490,1.0,1.0,1
62501,1.0,1.0,1
62510,1.0,1.0,1
62535,1.0,1.0,1
62602,1.0,1.0,1
62668,1.0,1.0,1
62678,1.0,1.0,1
62786,1.0,1.0,1
62822,1.0,1.0,1
62824,1.0,1.0,1
62857,1.0,1.0,1
62900,1.0,1.0,1
62903,1.0,1.0,1
62905,1.0,1.0,1
62907,1.0,1.0,1
62909,1.0,1.0,1
62931,1.0,1.0,1
62946,1.0,1.0,1
63032,1.0,1.0,1
63285,1.0,1.0,1
63372,1.0,1.0,1
63447,1.0,1.0,1
63555,1.0,1.0,1
63557,1.0,1.0,1
63585,1.0,1.0,1
63587,1.0,1.0,1
63589,1.0,1.0,1
63591,1.0,1.0,1
63615,1.0,1.0,1
63617,1.0,1.0,1
63666,1.0,1.0,1
63668,1.0,1.0,1
63692,1.0,1.0,1
63767,1.0,1.0,1
63782,1.0,1.0,1
63853,1.0,1.0,1
64590,1.0,1.0,1
64637,1.0,1.0,1
64811,1.0,1.0,1
64888,1.0,1.0,1
64891,1.0,1.0,1
64893,1.0,1.0,1
64896,1.0,1.0,1
64958,1.0,1.0,1
64975,1.0,1.0,1
64993,1.0,1.0,1
65051,1.0,1.0,1
65151,1.0,1.0,1
65198,1.0,1.0,1
65207,1.0,1.0,1
65209,1.0,1.0,1
65228,1.0,1.0,1
65410,1.0,1.0,1
65412,1.0,1.0,1
65532,1.0,1.0,1
65562,1.0,1.0,1
65597,1.0,1.0,1
65652,1.0,1.0,1
65657,1.0,1.0,1
65694,1.0,1.0,1
65759,1.0,1.0,1
65876,1.0,1.0,1
65878,1.0,1.0,1
65914,1.0,1.0,1
65942,1.0,1.0,1
65987,1.0,1.0,1
66106,1.0,1.0,1
66110,1.0,1.0,1
66126,1.0,1.0,1
66149,1.0,1.0,1
66194,1.0,1.0,1
66257,1.0,1.0,1
66264,1.0,1.0,1
66267,1.0,1.0,1
66288,1.0,1.0,1
66362,1.0,1.0,1
66365,1.0,1.0,1
66580,1.0,1.0,1
66586,1.0,1.0,1
66648,1.0,1.0,1
66697,1.0,1.0,1
66756,1.0,1.0,1
66783,1.0,1.0,1
66795,1.0,1.0,1
66808,1.0,1.0,1
66970,1.0,1.0,1
67104,1.0,1.0,1
67171,1.0,1.0,1
67206,1.0,1.0,1
67301,1.0,1.0,1
67380,1.0,1.0,1
67523,1.0,1.0,1
67525,1.0,1.0,1
67530,1.0,1.0,1
67532,1.0,1.0,1
67585,1.0,1.0,1
67648,1.0,1.0,1
67745,1.0,1.0,1
67819,1.0,1.0,1
67916,1.0,1.0,1
67960,1.0,1.0,1
67973,1.0,1.0,1
67992,1.0,1.0,1
68040,1.0,1.0,1
68042,1.0,1.0,1
68097,1.0,1.0,1
68135,1.0,1.0,1
68162,1.0,1.0,1
68282,1.0,1.0,1
68298,1.0,1.0,1
68329,1.0,1.0,1
68331,1.0,1.0,1
68399,1.0,1.0,1
68570,1.0,1.0,1
68583,1.0,1.0,1
68587,1.0,1.0,1
69053,1.0,1.0,1
69059,1.0,1.0,1
69170,1.0,1.0,1
69198,1.0,1.0,1
69258,1.0,1.0,1
69275,1.0,1.0,1
69367,1.0,1.0,1
69385,1.0,1.0,1
69387,1.0,1.0,1
69401,1.0,1.0,1
69431,1.0,1.0,1
69546,1.0,1.0,1
69618,1.0,1.0,1
69633,1.0,1.0,1
69687,1.0,1.0,1
69732,1.0,1.0,1
69744,1.0,1.0,1
69751,1.0,1.0,1
69754,1.0,1.0,1
69759,1.0,1.0,1
69762,1.0,1.0,1
69768,1.0,1.0,1
69914,1.0,1.0,1
69967,1.0,1.0,1
69969,1.0,1.0,1
70836,1.0,1.0,1
70846,1.0,1.0,1
70848,1.0,1.0,1
70884,1.0,1.0,1
71072,1.0,1.0,1
71179,1.0,1.0,1
71309,1.0,1.0,1
71386,1.0,1.0,1
71390,1.0,1.0,1
71470,1.0,1.0,1
71517,1.0,1.0,1
71524,1.0,1.0,1
71531,1.0,1.0,1
71547,1.0,1.0,1
71584,1.0,1.0,1
71609,1.0,1.0,1
71829,1.0,1.0,1
71917,1.0,1.0,1
71943,1.0,1.0,1
71945,1.0,1.0,1
72056,1.0,1.0,1
72130,1.0,1.0,1
72205,1.0,1.0,1
72222,1.0,1.0,1
72239,1.0,1.0,1
72245,1.0,1.0,1
72309,1.0,1.0,1
72371,1.0,1.0,1
72462,1.0,1.0,1
72495,1.0,1.0,1
72509,1.0,1.0,1
72511,1.0,1.0,1
72513,1.0,1.0,1
72635,1.0,1.0,1
72639,1.0,1.0,1
72650,1.0,1.0,1
72654,1.0,1.0,1
72729,1.0,1.0,1
72824,1.0,1.0,1
72899,1.0,1.0,1
72912,1.0,1.0,1
72998,1.0,1.0,1
73005,1.0,1.0,1
73048,1.0,1.0,1
73101,1.0,1.0,1
73167,1.0,1.0,1
73171,1.0,1.0,1
73173,1.0,1.0,1
73238,1.0,1.0,1
73265,1.0,1.0,1
73320,1.0,1.0,1
73454,1.0,1.0,1
73490,1.0,1.0,1
73493,1.0,1.0,1
73525,1.0,1.0,1
73542,1.0,1.0,1
73546,1.0,1.0,1
73624,1.0,1.0,1
74051,1.0,1.0,1
74088,1.0,1.0,1
74329,1.0,1.0,1
74336,1.0,1.0,1
75091,1.0,1.0,1
75508,1.0,1.0,1
75573,1.0,1.0,1
75661,1.0,1.0,1
75695,1.0,1.0,1
